,date,marketcap,dividends_ttm,non_gaap_earnings_ttm,sp500_close,divisor,payout_ratio,risk_free_rates,risk_premium_rates,growth_rate
0,2022-01-03 00:00:00+00:00,26638639287396.91,51.66419712444623,166.6530238203875,4796.56,5553696667.486054,0.3100105593051105,<scipy.interpolate.interpolate.interp1d object at 0x000001ED3091B590>,<scipy.interpolate.interpolate.interp1d object at 0x000001ED30A0BE00>,0.0002529964544455421
1,2022-01-04 00:00:00+00:00,26627037639930.87,51.83228143492315,166.6206626461535,4793.54,5554775310.090428,0.31107955407065907,<scipy.interpolate.interpolate.interp1d object at 0x000001ED3091B630>,<scipy.interpolate.interpolate.interp1d object at 0x000001ED30A0BEA0>,0.0002136472627543018
2,2022-01-05 00:00:00+00:00,26078537961438.523,51.70638894107394,166.8785262487954,4700.58,5547940458.717546,0.30984447252360114,<scipy.interpolate.interpolate.interp1d object at 0x000001ED3091B6D0>,<scipy.interpolate.interpolate.interp1d object at 0x000001ED30A0BF40>,0.0005053383586219873
3,2022-01-06 00:00:00+00:00,26045007708416.863,52.05743974814313,166.9115276262723,4696.05,5546152129.644459,0.3118864256320494,<scipy.interpolate.interpolate.interp1d object at 0x000001ED3091B770>,<scipy.interpolate.interpolate.interp1d object at 0x000001ED30A0E040>,0.0007387426493532523
4,2022-01-07 00:00:00+00:00,25960360351349.688,52.14712918129835,166.77753440069574,4677.03,5550608046.420419,0.31267478182049924,<scipy.interpolate.interpolate.interp1d object at 0x000001ED3091B810>,<scipy.interpolate.interpolate.interp1d object at 0x000001ED30A0E0E0>,0.0009166299971865577
5,2022-01-10 00:00:00+00:00,25937341883687.76,51.42106881948519,166.68498954968803,4670.29,5553689788.789939,0.30849249808517887,<scipy.interpolate.interpolate.interp1d object at 0x000001ED3091B8B0>,<scipy.interpolate.interpolate.interp1d object at 0x000001ED30A0E180>,0.0012926453951700445
6,2022-01-11 00:00:00+00:00,26229594515959.13,51.3139008267241,166.33759700877928,4713.07,5565288552.0391445,0.30849249808517887,<scipy.interpolate.interpolate.interp1d object at 0x000001ED3091B950>,<scipy.interpolate.interpolate.interp1d object at 0x000001ED30A0E220>,0.00125153328811356
7,2022-01-12 00:00:00+00:00,26300598191546.797,51.42978078020638,166.35595922702848,4726.35,5564674260.591534,0.3091550252793733,<scipy.interpolate.interpolate.interp1d object at 0x000001ED3091B9F0>,<scipy.interpolate.interpolate.interp1d object at 0x000001ED30A0E2C0>,0.001176899237404605
8,2022-01-13 00:00:00+00:00,25974429907938.074,51.98898596381527,166.3594022774601,4659.03,5575072473.870757,0.3125100550500067,<scipy.interpolate.interpolate.interp1d object at 0x000001ED3091BA90>,<scipy.interpolate.interpolate.interp1d object at 0x000001ED30A0E360>,0.0006621971733538068
9,2022-01-14 00:00:00+00:00,25970498011234.816,51.483270068232464,166.28164749661477,4662.85,5569661904.46504,0.3096148663626909,<scipy.interpolate.interpolate.interp1d object at 0x000001ED3091BB30>,<scipy.interpolate.interpolate.interp1d object at 0x000001ED30A0E400>,0.0014170173322778368
10,2022-01-18 00:00:00+00:00,25496612177240.543,51.40142340512773,166.23075283004744,4577.11,5570460875.364705,0.3092172930100365,<scipy.interpolate.interpolate.interp1d object at 0x000001ED3091BC70>,<scipy.interpolate.interpolate.interp1d object at 0x000001ED30A0E540>,0.0020297795474804037
11,2022-01-19 00:00:00+00:00,25223564651726.844,51.44814847661947,166.92996433793783,4532.76,5564725388.444754,0.3082019976501424,<scipy.interpolate.interpolate.interp1d object at 0x000001ED3091BD10>,<scipy.interpolate.interpolate.interp1d object at 0x000001ED30A0E5E0>,0.001669732606601304
12,2022-01-20 00:00:00+00:00,24904290169045.984,52.050680306998174,167.6089666111909,4482.73,5555607892.745266,0.31054830394451494,<scipy.interpolate.interpolate.interp1d object at 0x000001ED3091BDB0>,<scipy.interpolate.interpolate.interp1d object at 0x000001ED30A0E680>,0.0014086147012450922
13,2022-01-21 00:00:00+00:00,24425924841303.29,51.65492406390306,167.72539852969655,4397.94,5553946811.758071,0.30797317828258025,<scipy.interpolate.interpolate.interp1d object at 0x000001ED3091BE50>,<scipy.interpolate.interpolate.interp1d object at 0x000001ED30A0E720>,0.0006357164165913254
14,2022-01-24 00:00:00+00:00,24507130627148.96,51.55844772772042,167.87629510539946,4410.13,5557008665.764719,0.30712166774558586,<scipy.interpolate.interpolate.interp1d object at 0x000001ED3091BEF0>,<scipy.interpolate.interpolate.interp1d object at 0x000001ED30A0E7C0>,0.0006121839349024771
15,2022-01-25 00:00:00+00:00,24198295728041.53,51.606550424753465,167.27156304996188,4356.45,5554590487.218155,0.3085195683221974,<scipy.interpolate.interpolate.interp1d object at 0x000001ED3091BF90>,<scipy.interpolate.interpolate.interp1d object at 0x000001ED30A0E860>,0.000697891809962714
16,2022-01-26 00:00:00+00:00,24207469307458.16,51.49148417548141,166.66167507318787,4349.93,5565025025.105728,0.30895815821405503,<scipy.interpolate.interpolate.interp1d object at 0x000001ED3091F090>,<scipy.interpolate.interpolate.interp1d object at 0x000001ED30A0E900>,0.0015024095968430018
17,2022-01-27 00:00:00+00:00,24111415246559.47,51.820664552284576,168.06431747094882,4326.51,5572947998.862701,0.308338291745017,<scipy.interpolate.interpolate.interp1d object at 0x000001ED3091F130>,<scipy.interpolate.interpolate.interp1d object at 0x000001ED30A0E9A0>,0.0013575021480356497
18,2022-01-28 00:00:00+00:00,24758171521571.04,51.4223982692438,169.00439323461163,4431.85,5586419107.49936,0.30426663641731083,<scipy.interpolate.interpolate.interp1d object at 0x000001ED3091F1D0>,<scipy.interpolate.interpolate.interp1d object at 0x000001ED30A0EA40>,0.0013294646505583874
19,2022-01-31 00:00:00+00:00,25192454522421.61,51.283079846630386,169.1560308497518,4515.55,5579044528.88831,0.3031702717840499,<scipy.interpolate.interpolate.interp1d object at 0x000001ED3091F270>,<scipy.interpolate.interpolate.interp1d object at 0x000001ED30A0EAE0>,0.0016523073453944548
20,2022-02-01 00:00:00+00:00,25370288632507.44,51.2883383037012,168.99882080659864,4546.54,5580130963.877463,0.30348340928600503,<scipy.interpolate.interpolate.interp1d object at 0x000001ED3091F310>,<scipy.interpolate.interpolate.interp1d object at 0x000001ED30A0EB80>,0.0018090603336295974
21,2022-02-02 00:00:00+00:00,25746361894929.97,50.95702910519203,168.43011245006898,4589.38,5609986947.023338,0.3025410858185956,<scipy.interpolate.interpolate.interp1d object at 0x000001ED3091F3B0>,<scipy.interpolate.interpolate.interp1d object at 0x000001ED30A0EC20>,0.0017433328556890615
22,2022-02-03 00:00:00+00:00,25233562137721.54,50.731064014677706,168.20550485966106,4477.44,5635711955.430233,0.30160168691865447,<scipy.interpolate.interpolate.interp1d object at 0x000001ED3091F450>,<scipy.interpolate.interpolate.interp1d object at 0x000001ED30A0ECC0>,0.0019996914029887236
23,2022-02-04 00:00:00+00:00,25425668984648.13,51.40604721249265,168.2282191531941,4500.53,5649483279.668868,0.3055732710674458,<scipy.interpolate.interpolate.interp1d object at 0x000001ED3091F4F0>,<scipy.interpolate.interpolate.interp1d object at 0x000001ED30A0ED60>,0.0028644975704168463
24,2022-02-07 00:00:00+00:00,25296518647581.64,50.853255571904796,168.4565807781613,4483.87,5641670844.065872,0.30187752438637533,<scipy.interpolate.interpolate.interp1d object at 0x000001ED3091F590>,<scipy.interpolate.interpolate.interp1d object at 0x000001ED30A0EE00>,0.002783662917932306
25,2022-02-08 00:00:00+00:00,25511943795987.01,50.76373329890317,169.2362445773968,4521.54,5642312972.126092,0.2999578100167981,<scipy.interpolate.interpolate.interp1d object at 0x000001ED3091F630>,<scipy.interpolate.interpolate.interp1d object at 0x000001ED30A0EEA0>,0.003295956727052074
26,2022-02-09 00:00:00+00:00,25841272709275.25,50.63628637844,170.067729481966,4587.18,5633367931.774041,0.2977418851458793,<scipy.interpolate.interpolate.interp1d object at 0x000001ED3091F6D0>,<scipy.interpolate.interpolate.interp1d object at 0x000001ED30A0EF40>,0.0035616689002804236
27,2022-02-10 00:00:00+00:00,25371167340703.16,51.38420665187198,170.20277014010364,4504.08,5632929996.959015,0.30189994328279557,<scipy.interpolate.interpolate.interp1d object at 0x000001ED3091F770>,<scipy.interpolate.interpolate.interp1d object at 0x000001ED30A12040>,0.004297800849470512
28,2022-02-11 00:00:00+00:00,24864505005018.49,50.9204291722447,170.39006516061647,4418.64,5627185062.602631,0.2988462333425665,<scipy.interpolate.interpolate.interp1d object at 0x000001ED3091F810>,<scipy.interpolate.interpolate.interp1d object at 0x000001ED30A120E0>,0.0032249549475944495
29,2022-02-14 00:00:00+00:00,24799005570101.1,50.91153133003828,170.22113733062506,4401.67,5633999270.754305,0.29909053674780384,<scipy.interpolate.interpolate.interp1d object at 0x000001ED3091F8B0>,<scipy.interpolate.interpolate.interp1d object at 0x000001ED30A12180>,0.003656277346365089
30,2022-02-15 00:00:00+00:00,25114981838293.57,51.726050048369494,171.0529594810116,4471.07,5617219555.563561,0.3023978667502186,<scipy.interpolate.interpolate.interp1d object at 0x000001ED3091F950>,<scipy.interpolate.interpolate.interp1d object at 0x000001ED30A12220>,0.003979077110648932
31,2022-02-16 00:00:00+00:00,25179183966556.86,51.03357790897781,171.20481718120112,4475.01,5626620715.161945,0.29808494147080267,<scipy.interpolate.interpolate.interp1d object at 0x000001ED3091F9F0>,<scipy.interpolate.interpolate.interp1d object at 0x000001ED30A122C0>,0.003826157350683923
32,2022-02-17 00:00:00+00:00,24626654015067.93,51.382213326944914,171.56707677601744,4380.26,5622190010.425849,0.2994876073690112,<scipy.interpolate.interpolate.interp1d object at 0x000001ED3091FA90>,<scipy.interpolate.interpolate.interp1d object at 0x000001ED30A12360>,0.0031029878543500367
33,2022-02-18 00:00:00+00:00,24436835863255.03,51.7427689949212,171.55352837470107,4348.87,5619123097.093045,0.30161296876335003,<scipy.interpolate.interpolate.interp1d object at 0x000001ED3091FB30>,<scipy.interpolate.interpolate.interp1d object at 0x000001ED30A12400>,0.0026961524872179954
34,2022-02-22 00:00:00+00:00,24176676111845.89,52.96929438643763,172.04347577415356,4304.76,5616265741.143731,0.30788319143221654,<scipy.interpolate.interpolate.interp1d object at 0x000001ED3091FC70>,<scipy.interpolate.interpolate.interp1d object at 0x000001ED30A12540>,0.0025259203505929584
35,2022-02-23 00:00:00+00:00,23754514908393.84,52.80086604642494,172.09928306736435,4225.5,5621705101.97464,0.3068046833510471,<scipy.interpolate.interpolate.interp1d object at 0x000001ED3091FD10>,<scipy.interpolate.interpolate.interp1d object at 0x000001ED30A125E0>,0.0026556651061218073
36,2022-02-24 00:00:00+00:00,24143692546193.7,53.12525589124283,172.18786671674184,4288.7,5629606301.721664,0.30853077457912115,<scipy.interpolate.interpolate.interp1d object at 0x000001ED3091FDB0>,<scipy.interpolate.interpolate.interp1d object at 0x000001ED30A12680>,0.002364867228265455
37,2022-02-25 00:00:00+00:00,24660577799523.77,53.13840905382459,172.40287018952355,4384.65,5624297902.80268,0.30822229928892253,<scipy.interpolate.interpolate.interp1d object at 0x000001ED3091FE50>,<scipy.interpolate.interpolate.interp1d object at 0x000001ED30A12720>,0.0027889196354735635
38,2022-02-28 00:00:00+00:00,24573890322979.64,53.08272071255804,172.58095961323806,4373.94,5618250438.50159,0.3075815595852456,<scipy.interpolate.interpolate.interp1d object at 0x000001ED3091FEF0>,<scipy.interpolate.interpolate.interp1d object at 0x000001ED30A127C0>,0.0015759281314300377
39,2022-03-01 00:00:00+00:00,24207825154309.23,53.1715000736652,172.55289119606124,4306.26,5621542859.536867,0.308146097727506,<scipy.interpolate.interpolate.interp1d object at 0x000001ED3091FF90>,<scipy.interpolate.interpolate.interp1d object at 0x000001ED30A12860>,0.00017340649115071827
40,2022-03-02 00:00:00+00:00,24619137499254.89,53.40827790442787,172.8244249610772,4386.54,5612427448.343088,0.3090320012142743,<scipy.interpolate.interpolate.interp1d object at 0x000001ED30922090>,<scipy.interpolate.interpolate.interp1d object at 0x000001ED30A12900>,0.001772268371123209
41,2022-03-03 00:00:00+00:00,24493993019337.33,55.01097701875262,172.89248014630851,4363.49,5613395016.22264,0.3181802758118811,<scipy.interpolate.interpolate.interp1d object at 0x000001ED30922130>,<scipy.interpolate.interpolate.interp1d object at 0x000001ED30A129A0>,0.0013416352191342185
42,2022-03-04 00:00:00+00:00,24270581700575.01,54.5415093206644,173.09960125162746,4328.87,5606678348.061968,0.31508743478490026,<scipy.interpolate.interpolate.interp1d object at 0x000001ED309221D0>,<scipy.interpolate.interpolate.interp1d object at 0x000001ED30A12A40>,0.0006299453088809415
43,2022-03-07 00:00:00+00:00,23506972410037.57,54.55499384689804,173.44708164748417,4201.09,5595446041.39344,0.31453393927824186,<scipy.interpolate.interpolate.interp1d object at 0x000001ED30922270>,<scipy.interpolate.interpolate.interp1d object at 0x000001ED30A12AE0>,0.0007246823470827835
44,2022-03-08 00:00:00+00:00,23358323583490.7,54.58664002428103,173.28820000512565,4170.7,5600576302.17726,0.3150049456493081,<scipy.interpolate.interpolate.interp1d object at 0x000001ED30922310>,<scipy.interpolate.interpolate.interp1d object at 0x000001ED30A12B80>,0.0013374822351310822
45,2022-03-09 00:00:00+00:00,23989402204441.0,54.93540937893429,173.05742343152338,4277.88,5607778199.585074,0.317440351818664,<scipy.interpolate.interpolate.interp1d object at 0x000001ED309223B0>,<scipy.interpolate.interpolate.interp1d object at 0x000001ED30A12C20>,0.0021405971535148893
46,2022-03-10 00:00:00+00:00,23904891108123.56,54.833298923978724,172.92387279565915,4259.52,5612109136.269711,0.3170950201235326,<scipy.interpolate.interpolate.interp1d object at 0x000001ED30922450>,<scipy.interpolate.interpolate.interp1d object at 0x000001ED30A12CC0>,0.002507291888685703
47,2022-03-11 00:00:00+00:00,23603652482860.79,54.812999613501056,172.86082454316914,4204.31,5614156064.338925,0.31709324399185895,<scipy.interpolate.interpolate.interp1d object at 0x000001ED309224F0>,<scipy.interpolate.interpolate.interp1d object at 0x000001ED30A12D60>,0.0026642755547017227
48,2022-03-14 00:00:00+00:00,23362062837459.88,55.09886241578636,173.35233913318797,4173.11,5598237965.800058,0.31784320125875815,<scipy.interpolate.interpolate.interp1d object at 0x000001ED30922590>,<scipy.interpolate.interpolate.interp1d object at 0x000001ED30A12E00>,0.0036149908699092403
49,2022-03-15 00:00:00+00:00,23835157623322.55,55.044528604298684,173.54908596583283,4262.45,5591891429.417953,0.31716979837701637,<scipy.interpolate.interpolate.interp1d object at 0x000001ED30922630>,<scipy.interpolate.interpolate.interp1d object at 0x000001ED30A12EA0>,0.0039028759595216567
50,2022-03-16 00:00:00+00:00,24397071774499.93,54.97677518061336,173.34712036803344,4357.86,5598406505.601357,0.31714847678976216,<scipy.interpolate.interpolate.interp1d object at 0x000001ED309226D0>,<scipy.interpolate.interpolate.interp1d object at 0x000001ED30A12F40>,0.004831695694339722
51,2022-03-17 00:00:00+00:00,24676393143570.14,55.21612357507711,173.6003820480739,4411.67,5593435851.63218,0.31806452799041945,<scipy.interpolate.interpolate.interp1d object at 0x000001ED30922770>,<scipy.interpolate.interpolate.interp1d object at 0x000001ED30A15040>,0.004849507343692272
52,2022-03-18 00:00:00+00:00,24970798474987.6,55.083066570235985,173.55433765743058,4463.12,5594919803.856406,0.3173822522313527,<scipy.interpolate.interpolate.interp1d object at 0x000001ED30922810>,<scipy.interpolate.interpolate.interp1d object at 0x000001ED30A150E0>,0.004775363393024534
53,2022-03-21 00:00:00+00:00,24948158086421.55,54.83655647830225,173.63632983453806,4461.18,5592277847.211175,0.31581269041195026,<scipy.interpolate.interpolate.interp1d object at 0x000001ED309228B0>,<scipy.interpolate.interpolate.interp1d object at 0x000001ED30A15180>,0.00633753182459329
54,2022-03-22 00:00:00+00:00,25271089097985.78,54.716787768434244,173.38815625678777,4511.61,5601346104.380872,0.315573963929801,<scipy.interpolate.interpolate.interp1d object at 0x000001ED30922950>,<scipy.interpolate.interpolate.interp1d object at 0x000001ED30A15220>,0.006982801297678032
55,2022-03-23 00:00:00+00:00,24959447348042.43,55.10662514994705,173.41060043185567,4456.24,5601010571.25344,0.31778117953984036,<scipy.interpolate.interpolate.interp1d object at 0x000001ED309229F0>,<scipy.interpolate.interpolate.interp1d object at 0x000001ED30A152C0>,0.006349189509223585
56,2022-03-24 00:00:00+00:00,25288551842398.02,55.245668768955056,173.6342951926711,4520.16,5594614315.068055,0.31817256324651993,<scipy.interpolate.interpolate.interp1d object at 0x000001ED30922A90>,<scipy.interpolate.interpolate.interp1d object at 0x000001ED30A15360>,0.00673287273968759
57,2022-03-25 00:00:00+00:00,25421824121984.23,55.23501026197021,173.59908170791581,4543.06,5595749147.487427,0.31817570530070144,<scipy.interpolate.interpolate.interp1d object at 0x000001ED30922B30>,<scipy.interpolate.interpolate.interp1d object at 0x000001ED30A15400>,0.008234552186070054
58,2022-03-28 00:00:00+00:00,25539676450492.55,55.33277419977849,174.03264777233215,4575.52,5581808504.93333,0.3179447931641211,<scipy.interpolate.interpolate.interp1d object at 0x000001ED30922BD0>,<scipy.interpolate.interpolate.interp1d object at 0x000001ED30A154A0>,0.008207780800500997
59,2022-03-29 00:00:00+00:00,25850366740142.14,55.337777691345906,174.04838475458502,4631.6,5581303812.967903,0.3179447931641211,<scipy.interpolate.interpolate.interp1d object at 0x000001ED30922C70>,<scipy.interpolate.interpolate.interp1d object at 0x000001ED30A15540>,0.007945080721939224
60,2022-03-30 00:00:00+00:00,25670275934461.05,55.45985963412474,174.16633092773785,4602.45,5577524130.508979,0.31843042991549964,<scipy.interpolate.interpolate.interp1d object at 0x000001ED30922D10>,<scipy.interpolate.interpolate.interp1d object at 0x000001ED30A155E0>,0.007444726946699953
61,2022-03-31 00:00:00+00:00,25256548228525.5,55.45089411541741,174.24854968861746,4530.41,5574892389.10507,0.31822872680724335,<scipy.interpolate.interpolate.interp1d object at 0x000001ED30922DB0>,<scipy.interpolate.interpolate.interp1d object at 0x000001ED30A15680>,0.0071005060701505585
62,2022-04-01 00:00:00+00:00,25369631858425.43,55.39410612936959,174.06343595828594,4545.86,5580821199.602591,0.3182409092662328,<scipy.interpolate.interpolate.interp1d object at 0x000001ED30922E50>,<scipy.interpolate.interpolate.interp1d object at 0x000001ED30A15720>,0.008182528048212845
63,2022-04-04 00:00:00+00:00,25593915698346.1,55.39942150240451,173.93407311408328,4582.64,5584971915.390714,0.31850815950287126,<scipy.interpolate.interpolate.interp1d object at 0x000001ED30922EF0>,<scipy.interpolate.interpolate.interp1d object at 0x000001ED30A157C0>,0.008361248213028638
64,2022-04-05 00:00:00+00:00,25258101565567.74,55.634952709978656,174.03438227841008,4525.12,5581752874.082397,0.3196779393911779,<scipy.interpolate.interpolate.interp1d object at 0x000001ED30922F90>,<scipy.interpolate.interpolate.interp1d object at 0x000001ED30A15860>,0.00920313691121466
65,2022-04-06 00:00:00+00:00,25026056591052.99,55.467201214071515,173.9642813488616,4481.15,5584739763.465403,0.3188424703278004,<scipy.interpolate.interpolate.interp1d object at 0x000001ED30926090>,<scipy.interpolate.interpolate.interp1d object at 0x000001ED30A15900>,0.009206507208676662
66,2022-04-07 00:00:00+00:00,25104569015021.14,55.724418708868264,174.17434820974694,4500.21,5578532782.919272,0.3199347049759758,<scipy.interpolate.interpolate.interp1d object at 0x000001ED30926130>,<scipy.interpolate.interpolate.interp1d object at 0x000001ED30A159A0>,0.009205236033671627
67,2022-04-08 00:00:00+00:00,25011990975544.45,54.93981648175883,174.3555847439933,4488.28,5572734093.136892,0.3151021320161731,<scipy.interpolate.interpolate.interp1d object at 0x000001ED309261D0>,<scipy.interpolate.interpolate.interp1d object at 0x000001ED30A15A40>,0.009823316402601145
68,2022-04-11 00:00:00+00:00,24591456819102.918,54.907657162150976,174.3442374052888,4412.53,5573096799.138571,0.31493818195154943,<scipy.interpolate.interpolate.interp1d object at 0x000001ED30926270>,<scipy.interpolate.interpolate.interp1d object at 0x000001ED30A15AE0>,0.009869108659566361
69,2022-04-12 00:00:00+00:00,24517361946337.33,55.01561533284448,174.2735007341809,4397.45,5575358888.978232,0.3156854891941358,<scipy.interpolate.interpolate.interp1d object at 0x000001ED30926310>,<scipy.interpolate.interpolate.interp1d object at 0x000001ED30A15B80>,0.008768060309756631
70,2022-04-13 00:00:00+00:00,24801156598092.75,56.33748209630854,174.53205746800265,4446.59,5577567663.781178,0.32279160008548585,<scipy.interpolate.interpolate.interp1d object at 0x000001ED309263B0>,<scipy.interpolate.interpolate.interp1d object at 0x000001ED30A15C20>,0.008612399547496041
71,2022-04-14 00:00:00+00:00,24468254968794.81,55.66912914510072,173.59114037297292,4392.59,5570348010.807931,0.32069107343549696,<scipy.interpolate.interpolate.interp1d object at 0x000001ED30926450>,<scipy.interpolate.interpolate.interp1d object at 0x000001ED30A15CC0>,0.009652968334126877
72,2022-04-18 00:00:00+00:00,24442987663748.89,55.58266236309478,173.49615183668342,4391.69,5565736120.661725,0.32036827200303686,<scipy.interpolate.interpolate.interp1d object at 0x000001ED30926590>,<scipy.interpolate.interpolate.interp1d object at 0x000001ED30A15E00>,0.009668627947668984
73,2022-04-19 00:00:00+00:00,24853490185320.71,55.542391702835204,173.4345042232249,4462.21,5569771522.478931,0.3202499522894674,<scipy.interpolate.interpolate.interp1d object at 0x000001ED30926630>,<scipy.interpolate.interpolate.interp1d object at 0x000001ED30A15EA0>,0.010831428553252254
74,2022-04-20 00:00:00+00:00,24887755700510.23,55.40886095471665,173.38512290188984,4459.45,5580902510.51368,0.31957102216935773,<scipy.interpolate.interpolate.interp1d object at 0x000001ED309266D0>,<scipy.interpolate.interpolate.interp1d object at 0x000001ED30A15F40>,0.0105287075744942
75,2022-04-21 00:00:00+00:00,24428798282819.89,56.156797379528385,174.42703727193415,4393.66,5560011080.24287,0.32195007298082556,<scipy.interpolate.interpolate.interp1d object at 0x000001ED30926770>,<scipy.interpolate.interpolate.interp1d object at 0x000001ED30A19040>,0.010893467505010745
76,2022-04-22 00:00:00+00:00,23698008335927.0,55.880317290373135,174.78361225016798,4271.78,5547572285.072499,0.3197114224323936,<scipy.interpolate.interpolate.interp1d object at 0x000001ED30926810>,<scipy.interpolate.interpolate.interp1d object at 0x000001ED30A190E0>,0.010424789199464435
77,2022-04-25 00:00:00+00:00,23854892213176.92,55.75719215428132,174.60827378550653,4296.12,5552659658.756488,0.31932732020920696,<scipy.interpolate.interpolate.interp1d object at 0x000001ED309268B0>,<scipy.interpolate.interpolate.interp1d object at 0x000001ED30A19180>,0.009727688923134359
78,2022-04-26 00:00:00+00:00,23152107786981.23,55.89061078104236,174.61362205704629,4175.2,5545149402.898359,0.3200816186195536,<scipy.interpolate.interpolate.interp1d object at 0x000001ED30926950>,<scipy.interpolate.interpolate.interp1d object at 0x000001ED30A19220>,0.008928627527105881
79,2022-04-27 00:00:00+00:00,22964075753803.54,56.48865961236019,176.24458553569357,4183.96,5488598302.518078,0.3205128795342194,<scipy.interpolate.interpolate.interp1d object at 0x000001ED309269F0>,<scipy.interpolate.interpolate.interp1d object at 0x000001ED30A192C0>,0.008970356144340608
80,2022-04-28 00:00:00+00:00,23474976527922.57,56.67419292198569,177.01900885775214,4287.5,5475213184.355119,0.3201587969997482,<scipy.interpolate.interpolate.interp1d object at 0x000001ED30926A90>,<scipy.interpolate.interpolate.interp1d object at 0x000001ED30A19360>,0.00965077450402907
81,2022-04-29 00:00:00+00:00,22509122973407.54,57.173500769099846,179.21055191330353,4131.93,5447605107.881193,0.3190297678272795,<scipy.interpolate.interpolate.interp1d object at 0x000001ED30926B30>,<scipy.interpolate.interpolate.interp1d object at 0x000001ED30A19400>,0.009509522268263293
82,2022-05-02 00:00:00+00:00,22619372445989.49,56.94893527504216,179.7728095692295,4155.38,5443394453.934295,0.3167828072081804,<scipy.interpolate.interpolate.interp1d object at 0x000001ED30926BD0>,<scipy.interpolate.interpolate.interp1d object at 0x000001ED30A194A0>,0.010368040513358823
83,2022-05-03 00:00:00+00:00,22832060522233.64,56.664379135308785,179.87878215368673,4175.48,5468128340.270734,0.31501424713280124,<scipy.interpolate.interpolate.interp1d object at 0x000001ED30926C70>,<scipy.interpolate.interpolate.interp1d object at 0x000001ED30A19540>,0.010494861416039836
84,2022-05-04 00:00:00+00:00,23541417279372.035,56.66327749895621,180.1540223727898,4300.17,5474531769.52819,0.31452685181629647,<scipy.interpolate.interpolate.interp1d object at 0x000001ED30926D10>,<scipy.interpolate.interpolate.interp1d object at 0x000001ED30A195E0>,0.010256497083005245
85,2022-05-05 00:00:00+00:00,22670466549662.95,56.77434455623626,181.33107623373172,4146.87,5466886241.831297,0.3130977090934782,<scipy.interpolate.interpolate.interp1d object at 0x000001ED30926DB0>,<scipy.interpolate.interpolate.interp1d object at 0x000001ED30A19680>,0.010387327170045202
86,2022-05-06 00:00:00+00:00,22543240412263.69,57.05961534827299,181.3390073556146,4123.34,5467228123.866499,0.31465715060619204,<scipy.interpolate.interpolate.interp1d object at 0x000001ED30926E50>,<scipy.interpolate.interpolate.interp1d object at 0x000001ED30A19720>,0.010645618718432726
87,2022-05-09 00:00:00+00:00,21833919627884.97,56.30105812531396,181.3654455278516,3991.24,5470460214.841746,0.31042880280449026,<scipy.interpolate.interpolate.interp1d object at 0x000001ED30926EF0>,<scipy.interpolate.interpolate.interp1d object at 0x000001ED30A197C0>,0.009505288610290874
88,2022-05-10 00:00:00+00:00,21905581003640.52,56.234886522101185,181.26258971555333,4001.05,5474958074.415596,0.3102398934625611,<scipy.interpolate.interpolate.interp1d object at 0x000001ED30926F90>,<scipy.interpolate.interpolate.interp1d object at 0x000001ED30A19860>,0.009226493745227549
89,2022-05-11 00:00:00+00:00,21595193124616.68,56.25845050209383,181.1470559948227,3935.18,5487726895.495678,0.31056784330903914,<scipy.interpolate.interpolate.interp1d object at 0x000001ED30928090>,<scipy.interpolate.interpolate.interp1d object at 0x000001ED30A19900>,0.008819442562322699
90,2022-05-12 00:00:00+00:00,21593823357661.2,57.349530362147966,180.9330908846928,3930.08,5494499694.067601,0.3169654046240572,<scipy.interpolate.interpolate.interp1d object at 0x000001ED30928130>,<scipy.interpolate.interpolate.interp1d object at 0x000001ED30A199A0>,0.007888943705996576
91,2022-05-13 00:00:00+00:00,22135734417439.57,56.728836277836855,180.7167136659313,4023.89,5501078413.535054,0.31391029156663647,<scipy.interpolate.interpolate.interp1d object at 0x000001ED309281D0>,<scipy.interpolate.interpolate.interp1d object at 0x000001ED30A19A40>,0.009023834455260449
92,2022-05-16 00:00:00+00:00,22018271555187.79,56.7250064791333,180.9638088953456,4008.01,5493567020.837719,0.31346050254688396,<scipy.interpolate.interpolate.interp1d object at 0x000001ED30928270>,<scipy.interpolate.interpolate.interp1d object at 0x000001ED30A19AE0>,0.008485731782517103
93,2022-05-17 00:00:00+00:00,22485765420582.89,56.921397637123285,180.7975247248205,4088.85,5499288411.30951,0.31483504944970586,<scipy.interpolate.interpolate.interp1d object at 0x000001ED30928310>,<scipy.interpolate.interpolate.interp1d object at 0x000001ED30A19B80>,0.009750184107959692
94,2022-05-18 00:00:00+00:00,21585024398840.4,56.77673517129167,183.26713966493656,3923.68,5501219365.198079,0.30980313915028834,<scipy.interpolate.interpolate.interp1d object at 0x000001ED309283B0>,<scipy.interpolate.interpolate.interp1d object at 0x000001ED30A19C20>,0.00863944331761779
95,2022-05-19 00:00:00+00:00,21426759731830.53,57.07058052191697,183.5475743755355,3900.79,5492928286.790761,0.3109307258136326,<scipy.interpolate.interpolate.interp1d object at 0x000001ED30928450>,<scipy.interpolate.interpolate.interp1d object at 0x000001ED30A19CC0>,0.00808402647917239
96,2022-05-20 00:00:00+00:00,21406062144636.06,56.95413043719281,183.8111215163796,3901.36,5486820530.439656,0.3098513842216972,<scipy.interpolate.interpolate.interp1d object at 0x000001ED309284F0>,<scipy.interpolate.interpolate.interp1d object at 0x000001ED30A19D60>,0.0077989094776445
97,2022-05-23 00:00:00+00:00,21792703411751.84,56.9860174915726,183.9000530995335,3973.75,5484165690.280425,0.30987493766915697,<scipy.interpolate.interpolate.interp1d object at 0x000001ED30928590>,<scipy.interpolate.interpolate.interp1d object at 0x000001ED30A19E00>,0.008695886285881471
98,2022-05-24 00:00:00+00:00,21526468710037.56,57.13073187486399,184.7226848549425,3941.48,5461519203.45595,0.3092783754184124,<scipy.interpolate.interpolate.interp1d object at 0x000001ED30928630>,<scipy.interpolate.interpolate.interp1d object at 0x000001ED30A19EA0>,0.007592686883462818
99,2022-05-25 00:00:00+00:00,21693889502557.48,57.209150572865674,185.03226368098044,3978.73,5452465862.865155,0.30918473046139483,<scipy.interpolate.interpolate.interp1d object at 0x000001ED309286D0>,<scipy.interpolate.interpolate.interp1d object at 0x000001ED30A19F40>,0.007304715419384822
100,2022-05-26 00:00:00+00:00,22136973206508.95,57.212462341462185,185.15216288382808,4057.84,5455358813.188531,0.30900239808356755,<scipy.interpolate.interpolate.interp1d object at 0x000001ED30928770>,<scipy.interpolate.interpolate.interp1d object at 0x000001ED30982040>,0.007501672144935911
101,2022-05-27 00:00:00+00:00,22730004649385.418,57.51885658975128,184.78305264888698,4158.24,5466256072.132782,0.3112777701483532,<scipy.interpolate.interpolate.interp1d object at 0x000001ED30928810>,<scipy.interpolate.interpolate.interp1d object at 0x000001ED309820E0>,0.007846669544890217
102,2022-05-31 00:00:00+00:00,22652107212948.77,57.477366276838005,184.2400363247766,4132.15,5481917939.317007,0.3119700116402357,<scipy.interpolate.interpolate.interp1d object at 0x000001ED30928950>,<scipy.interpolate.interpolate.interp1d object at 0x000001ED30982220>,0.008574085656715358
103,2022-06-01 00:00:00+00:00,22531601098143.58,57.83846163788614,183.83426026638494,4101.23,5493864303.670748,0.31462286493320313,<scipy.interpolate.interpolate.interp1d object at 0x000001ED309289F0>,<scipy.interpolate.interpolate.interp1d object at 0x000001ED309822C0>,0.00941772149665221
104,2022-06-02 00:00:00+00:00,22990560961523.0,58.119736832786565,183.48380988230204,4176.82,5504321699.647819,0.31675675837594713,<scipy.interpolate.interpolate.interp1d object at 0x000001ED30928A90>,<scipy.interpolate.interpolate.interp1d object at 0x000001ED30982360>,0.009442995562238377
105,2022-06-03 00:00:00+00:00,22611509524703.86,57.34459973789917,183.50990935016068,4108.54,5503538854.362829,0.31248775578913424,<scipy.interpolate.interpolate.interp1d object at 0x000001ED30928B30>,<scipy.interpolate.interpolate.interp1d object at 0x000001ED30982400>,0.009638733689928847
106,2022-06-06 00:00:00+00:00,22725357183396.82,57.27829427474728,183.16342997550353,4121.43,5513949571.725547,0.31271686865881326,<scipy.interpolate.interpolate.interp1d object at 0x000001ED30928BD0>,<scipy.interpolate.interpolate.interp1d object at 0x000001ED309824A0>,0.010338608373274383
107,2022-06-07 00:00:00+00:00,22913570484156.55,57.349423133176835,183.3948521012039,4160.68,5507169617.504002,0.31271010323413745,<scipy.interpolate.interpolate.interp1d object at 0x000001ED30928C70>,<scipy.interpolate.interpolate.interp1d object at 0x000001ED30982540>,0.010127976053248888
108,2022-06-08 00:00:00+00:00,22678217117546.37,57.40307087725238,183.30504516071994,4115.77,5510078823.050454,0.31315597902350134,<scipy.interpolate.interpolate.interp1d object at 0x000001ED30928D10>,<scipy.interpolate.interpolate.interp1d object at 0x000001ED309825E0>,0.010286450940452996
109,2022-06-09 00:00:00+00:00,22135097801225.28,57.533923910257755,183.3332599813201,4017.82,5509230826.972159,0.31382152870744734,<scipy.interpolate.interpolate.interp1d object at 0x000001ED30928DB0>,<scipy.interpolate.interpolate.interp1d object at 0x000001ED30982680>,0.010230974012409577
110,2022-06-10 00:00:00+00:00,21475862459379.96,57.61199238961921,183.46024958991669,3900.86,5505417384.7254095,0.31402983762639375,<scipy.interpolate.interpolate.interp1d object at 0x000001ED30928E50>,<scipy.interpolate.interpolate.interp1d object at 0x000001ED30982720>,0.011204999166679164
111,2022-06-13 00:00:00+00:00,20625346965479.53,57.55288611085476,183.61974589402195,3749.63,5500635253.472884,0.31343516913519753,<scipy.interpolate.interpolate.interp1d object at 0x000001ED30928EF0>,<scipy.interpolate.interpolate.interp1d object at 0x000001ED309827C0>,0.013083533762792587
112,2022-06-14 00:00:00+00:00,20530716927544.71,57.88436886151773,183.76996404170353,3735.48,5496138897.155041,0.3149827511985682,<scipy.interpolate.interpolate.interp1d object at 0x000001ED30928F90>,<scipy.interpolate.interpolate.interp1d object at 0x000001ED30982860>,0.013337988295432757
113,2022-06-15 00:00:00+00:00,20849158820641.33,57.839920270292446,183.60383844246974,3789.99,5501111828.960321,0.3150256593813857,<scipy.interpolate.interpolate.interp1d object at 0x000001ED3092B090>,<scipy.interpolate.interpolate.interp1d object at 0x000001ED30982900>,0.011746795278308797
114,2022-06-16 00:00:00+00:00,20154905005861.39,58.125075170255386,183.78160810442336,3666.77,5496637369.090887,0.31627253548259926,<scipy.interpolate.interpolate.interp1d object at 0x000001ED3092B130>,<scipy.interpolate.interpolate.interp1d object at 0x000001ED309829A0>,0.010918706170895964
115,2022-06-17 00:00:00+00:00,20234598042806.77,57.92185652255955,183.46067487055822,3674.84,5506252800.88569,0.3157181045116435,<scipy.interpolate.interpolate.interp1d object at 0x000001ED3092B1D0>,<scipy.interpolate.interpolate.interp1d object at 0x000001ED30982A40>,0.010919355654883223
116,2022-06-21 00:00:00+00:00,20740983426113.48,57.878181879704044,183.36250998465604,3764.79,5509200626.359898,0.3156489398217081,<scipy.interpolate.interpolate.interp1d object at 0x000001ED3092B310>,<scipy.interpolate.interpolate.interp1d object at 0x000001ED30982B80>,0.011634068577974332
117,2022-06-22 00:00:00+00:00,20722398882248.65,57.87791455557539,183.28808918098392,3759.89,5511437537.33451,0.3157756448561427,<scipy.interpolate.interpolate.interp1d object at 0x000001ED3092B3B0>,<scipy.interpolate.interpolate.interp1d object at 0x000001ED30982C20>,0.010337791680317565
118,2022-06-23 00:00:00+00:00,20921708175535.98,57.92306183855028,183.41052303890547,3795.73,5511906319.874169,0.3158110062543331,<scipy.interpolate.interpolate.interp1d object at 0x000001ED3092B450>,<scipy.interpolate.interpolate.interp1d object at 0x000001ED30982CC0>,0.009832506439672484
119,2022-06-24 00:00:00+00:00,21591642108667.09,57.52823608216032,183.18189645867767,3911.74,5519702768.75945,0.31404978982264,<scipy.interpolate.interpolate.interp1d object at 0x000001ED3092B4F0>,<scipy.interpolate.interpolate.interp1d object at 0x000001ED30982D60>,0.010709612602064489
120,2022-06-27 00:00:00+00:00,21480402872520.06,57.74259642070456,183.58309048637506,3900.11,5507640264.638704,0.3145311273915504,<scipy.interpolate.interpolate.interp1d object at 0x000001ED3092B590>,<scipy.interpolate.interpolate.interp1d object at 0x000001ED30982E00>,0.01108564618099428
121,2022-06-28 00:00:00+00:00,21035093621389.44,57.77726387251893,183.6933099489188,3821.55,5504335576.242477,0.3145311273915504,<scipy.interpolate.interpolate.interp1d object at 0x000001ED3092B630>,<scipy.interpolate.interpolate.interp1d object at 0x000001ED30982EA0>,0.010854313575419994
122,2022-06-29 00:00:00+00:00,21128122866743.0,57.70481548481994,183.9698352202703,3818.83,5532616761.349156,0.31366454949382844,<scipy.interpolate.interpolate.interp1d object at 0x000001ED3092B6D0>,<scipy.interpolate.interpolate.interp1d object at 0x000001ED30982F40>,0.010058669422709166
123,2022-06-30 00:00:00+00:00,20898855386560.41,58.59079606774205,184.36796410302222,3785.38,5520939875.669129,0.3177927160653699,<scipy.interpolate.interpolate.interp1d object at 0x000001ED3092B770>,<scipy.interpolate.interpolate.interp1d object at 0x000001ED30985040>,0.008579589347915473
124,2022-07-01 00:00:00+00:00,21128391702708.3,58.20050455220747,184.28964958912428,3825.33,5523286017.862067,0.315809947449388,<scipy.interpolate.interpolate.interp1d object at 0x000001ED3092B810>,<scipy.interpolate.interpolate.interp1d object at 0x000001ED309850E0>,0.007807693476407529
125,2022-07-05 00:00:00+00:00,21237195672753.96,58.15397588834308,183.63593494657056,3831.39,5542948035.244118,0.31668080599400744,<scipy.interpolate.interpolate.interp1d object at 0x000001ED3092B950>,<scipy.interpolate.interpolate.interp1d object at 0x000001ED30985220>,0.007358882965248448
126,2022-07-06 00:00:00+00:00,21324691254545.61,57.9257664478568,183.53593373712428,3845.08,5545968160.492268,0.31560994770006723,<scipy.interpolate.interpolate.interp1d object at 0x000001ED3092B9F0>,<scipy.interpolate.interpolate.interp1d object at 0x000001ED309852C0>,0.008577228437284479
127,2022-07-07 00:00:00+00:00,21697542324234.84,57.87159508649677,183.0813892491625,3902.62,5559737387.763821,0.31609764009239133,<scipy.interpolate.interpolate.interp1d object at 0x000001ED3092BA90>,<scipy.interpolate.interpolate.interp1d object at 0x000001ED30985360>,0.009535421611158057
128,2022-07-08 00:00:00+00:00,21679062524463.35,57.51389419185319,183.08532677247203,3899.38,5559617817.310278,0.314137103206136,<scipy.interpolate.interpolate.interp1d object at 0x000001ED3092BB30>,<scipy.interpolate.interpolate.interp1d object at 0x000001ED30985400>,0.010248129488866997
129,2022-07-11 00:00:00+00:00,21387542817506.07,57.596774265044125,183.44156568591745,3854.43,5548821179.138309,0.3139788632400762,<scipy.interpolate.interpolate.interp1d object at 0x000001ED3092BBD0>,<scipy.interpolate.interpolate.interp1d object at 0x000001ED309854A0>,0.00941125811482757
130,2022-07-12 00:00:00+00:00,21217810994745.16,57.634229029042736,183.23647967964874,3818.8,5556146170.196177,0.3145346883426505,<scipy.interpolate.interpolate.interp1d object at 0x000001ED3092BC70>,<scipy.interpolate.interpolate.interp1d object at 0x000001ED30985540>,0.008941023489110078
131,2022-07-13 00:00:00+00:00,21066752756048.55,57.87931182272102,184.02493886594942,3801.78,5541286648.898293,0.3145188482572053,<scipy.interpolate.interpolate.interp1d object at 0x000001ED3092BD10>,<scipy.interpolate.interpolate.interp1d object at 0x000001ED309855E0>,0.008871739696133085
132,2022-07-14 00:00:00+00:00,20990517651182.42,57.934766290046426,184.16087722609893,3790.38,5537839913.460503,0.3145878058504166,<scipy.interpolate.interpolate.interp1d object at 0x000001ED3092BDB0>,<scipy.interpolate.interpolate.interp1d object at 0x000001ED30985680>,0.009134363092226705
133,2022-07-15 00:00:00+00:00,21377209752712.49,57.733158232737715,184.00709229215738,3863.16,5533607138.382176,0.3137550705984303,<scipy.interpolate.interpolate.interp1d object at 0x000001ED3092BE50>,<scipy.interpolate.interpolate.interp1d object at 0x000001ED30985720>,0.009395996974219223
134,2022-07-18 00:00:00+00:00,21141929913258.39,57.88741510398171,183.55483619888568,3830.85,5518861326.665986,0.31536850950230166,<scipy.interpolate.interpolate.interp1d object at 0x000001ED3092BEF0>,<scipy.interpolate.interpolate.interp1d object at 0x000001ED309857C0>,0.009309336852485472
135,2022-07-19 00:00:00+00:00,21792298871838.6,57.71721114897712,182.92339092874826,3936.69,5535690865.127455,0.3155266850014766,<scipy.interpolate.interpolate.interp1d object at 0x000001ED3092BF90>,<scipy.interpolate.interpolate.interp1d object at 0x000001ED30985860>,0.010394647427082182
136,2022-07-20 00:00:00+00:00,21920304778537.1,57.72085511809055,182.96762274213157,3959.9,5535570286.759034,0.3154703233994595,<scipy.interpolate.interpolate.interp1d object at 0x000001ED3092F090>,<scipy.interpolate.interpolate.interp1d object at 0x000001ED30985900>,0.010800717351748812
137,2022-07-21 00:00:00+00:00,22110631078189.97,58.32873987372462,182.9336120772407,3998.95,5529109160.702177,0.318851955151338,<scipy.interpolate.interpolate.interp1d object at 0x000001ED3092F130>,<scipy.interpolate.interpolate.interp1d object at 0x000001ED309859A0>,0.009358714002524193
138,2022-07-22 00:00:00+00:00,21835483998909.39,58.06711658956648,183.43045850211914,3961.63,5511742388.589896,0.31656202063571487,<scipy.interpolate.interpolate.interp1d object at 0x000001ED3092F1D0>,<scipy.interpolate.interpolate.interp1d object at 0x000001ED30985A40>,0.00825639000351619
139,2022-07-25 00:00:00+00:00,21859883131925.59,57.96340362201497,183.47306127462247,3966.84,5510654105.516126,0.3159232381000901,<scipy.interpolate.interpolate.interp1d object at 0x000001ED3092F270>,<scipy.interpolate.interpolate.interp1d object at 0x000001ED30985AE0>,0.008454523692426053
140,2022-07-26 00:00:00+00:00,21611141329108.74,57.929612505838215,188.41431498777118,3921.05,5511569944.047829,0.30745865838059105,<scipy.interpolate.interpolate.interp1d object at 0x000001ED3092F310>,<scipy.interpolate.interpolate.interp1d object at 0x000001ED30985B80>,0.008286319481499493
141,2022-07-27 00:00:00+00:00,22247849757099.06,57.72594506336871,188.2720422922095,4023.61,5529325594.950569,0.30660922546202896,<scipy.interpolate.interpolate.interp1d object at 0x000001ED3092F3B0>,<scipy.interpolate.interpolate.interp1d object at 0x000001ED30985C20>,0.008156785569656044
142,2022-07-28 00:00:00+00:00,22471262548233.77,58.28892863534763,189.14317107255374,4072.43,5517900258.134276,0.3081735825026878,<scipy.interpolate.interpolate.interp1d object at 0x000001ED3092F450>,<scipy.interpolate.interpolate.interp1d object at 0x000001ED30985CC0>,0.007155492767815241
143,2022-07-29 00:00:00+00:00,22836023200101.09,58.39347972076466,190.9692195788544,4130.29,5528915209.368129,0.30577430147926543,<scipy.interpolate.interpolate.interp1d object at 0x000001ED3092F4F0>,<scipy.interpolate.interpolate.interp1d object at 0x000001ED30985D60>,0.007405615996035841
144,2022-08-01 00:00:00+00:00,22764277218596.36,58.1642495978513,191.49385675187276,4118.63,5527147915.349608,0.30373950676244066,<scipy.interpolate.interpolate.interp1d object at 0x000001ED3092F590>,<scipy.interpolate.interpolate.interp1d object at 0x000001ED30985E00>,0.0070957488889416
145,2022-08-02 00:00:00+00:00,23651301654150.15,55.61133243434334,183.38654203321673,4091.19,5781032329.016777,0.30324652953143355,<scipy.interpolate.interpolate.interp1d object at 0x000001ED3092F630>,<scipy.interpolate.interpolate.interp1d object at 0x000001ED30985EA0>,0.009129862724456483
146,2022-08-03 00:00:00+00:00,23029419514479.81,57.25138363367665,190.95863373048596,4155.17,5542353144.270826,0.2998103961849652,<scipy.interpolate.interpolate.interp1d object at 0x000001ED3092F6D0>,<scipy.interpolate.interpolate.interp1d object at 0x000001ED30985F40>,0.009021071305277406
147,2022-08-04 00:00:00+00:00,23024210150490.668,57.285581156011546,191.85080073488405,4151.94,5545410133.69429,0.2985944334690252,<scipy.interpolate.interpolate.interp1d object at 0x000001ED3092F770>,<scipy.interpolate.interpolate.interp1d object at 0x000001ED30988040>,0.008205087883839113
148,2022-08-05 00:00:00+00:00,23013509930071.11,57.93508274296452,191.62795680806536,4145.19,5551858884.652118,0.30233105705443764,<scipy.interpolate.interpolate.interp1d object at 0x000001ED3092F810>,<scipy.interpolate.interpolate.interp1d object at 0x000001ED309880E0>,0.009689275141620213
149,2022-08-08 00:00:00+00:00,23012755209274.44,57.13285066027304,191.3286648431783,4140.06,5558555965.197228,0.29861103513737336,<scipy.interpolate.interpolate.interp1d object at 0x000001ED3092F8B0>,<scipy.interpolate.interpolate.interp1d object at 0x000001ED30988180>,0.00938326413497026
150,2022-08-09 00:00:00+00:00,22912034930722.34,57.057871772175865,191.42814241473116,4122.47,5557841519.943708,0.2980641772543525,<scipy.interpolate.interpolate.interp1d object at 0x000001ED3092F950>,<scipy.interpolate.interpolate.interp1d object at 0x000001ED30988220>,0.009818219413209928
151,2022-08-10 00:00:00+00:00,23419818775078.63,57.15700556717005,191.37353710132086,4210.24,5562585214.875786,0.29866723703240555,<scipy.interpolate.interpolate.interp1d object at 0x000001ED3092F9F0>,<scipy.interpolate.interpolate.interp1d object at 0x000001ED309882C0>,0.00977141720990482
152,2022-08-11 00:00:00+00:00,23415941183190.17,57.67746888241164,191.28791237701913,4207.27,5565590319.420947,0.3015217645782665,<scipy.interpolate.interpolate.interp1d object at 0x000001ED3092FA90>,<scipy.interpolate.interpolate.interp1d object at 0x000001ED30988360>,0.010042422649316096
153,2022-08-12 00:00:00+00:00,23845922446952.56,57.319095249532104,191.10264899824728,4280.15,5571281952.023308,0.2999387792372141,<scipy.interpolate.interpolate.interp1d object at 0x000001ED3092FB30>,<scipy.interpolate.interpolate.interp1d object at 0x000001ED30988400>,0.010271379228663946
154,2022-08-15 00:00:00+00:00,23911521342329.63,57.415412328475405,191.3348761720897,4297.14,5564519969.637858,0.30007813252422966,<scipy.interpolate.interpolate.interp1d object at 0x000001ED3092FBD0>,<scipy.interpolate.interpolate.interp1d object at 0x000001ED309884A0>,0.00982084045242071
155,2022-08-16 00:00:00+00:00,23952226426027.73,57.46029988699026,191.43192609658715,4305.2,5563557192.703645,0.30016048555034974,<scipy.interpolate.interpolate.interp1d object at 0x000001ED3092FC70>,<scipy.interpolate.interpolate.interp1d object at 0x000001ED30988540>,0.010150322831749659
156,2022-08-17 00:00:00+00:00,23755191160723.89,58.62971771272639,191.40625599189732,4274.04,5558017978.475609,0.30631035233878834,<scipy.interpolate.interpolate.interp1d object at 0x000001ED3092FD10>,<scipy.interpolate.interpolate.interp1d object at 0x000001ED309885E0>,0.01050035863749077
157,2022-08-18 00:00:00+00:00,23819957282805.85,59.09944150999609,191.26161476566025,4283.74,5560551593.422069,0.30899792194270964,<scipy.interpolate.interpolate.interp1d object at 0x000001ED3092FDB0>,<scipy.interpolate.interpolate.interp1d object at 0x000001ED30988680>,0.010269702599227992
158,2022-08-19 00:00:00+00:00,23478989476835.89,58.8955877209586,191.5730683627773,4228.48,5552583783.495699,0.30743145800342586,<scipy.interpolate.interpolate.interp1d object at 0x000001ED3092FE50>,<scipy.interpolate.interpolate.interp1d object at 0x000001ED30988720>,0.01086481101560599
159,2022-08-22 00:00:00+00:00,22965001328951.19,58.99139525922404,191.66929152045816,4137.99,5549796236.5668335,0.30777697768516815,<scipy.interpolate.interpolate.interp1d object at 0x000001ED3092FEF0>,<scipy.interpolate.interpolate.interp1d object at 0x000001ED309887C0>,0.01100961792063715
160,2022-08-23 00:00:00+00:00,22908681058218.13,58.989572435171056,191.6655118831012,4128.73,5548602368.8199835,0.30777353659300694,<scipy.interpolate.interpolate.interp1d object at 0x000001ED3092FF90>,<scipy.interpolate.interpolate.interp1d object at 0x000001ED30988860>,0.011064389784950501
161,2022-08-24 00:00:00+00:00,22973124982773.17,59.081595590769446,191.6667696351555,4140.77,5548032125.129666,0.30825163748120427,<scipy.interpolate.interpolate.interp1d object at 0x000001ED30932090>,<scipy.interpolate.interpolate.interp1d object at 0x000001ED30988900>,0.011232902463129468
162,2022-08-25 00:00:00+00:00,23327147780290.92,58.98787242399519,191.445455598027,4199.12,5555246761.295444,0.3081184258969849,<scipy.interpolate.interpolate.interp1d object at 0x000001ED30932130>,<scipy.interpolate.interpolate.interp1d object at 0x000001ED309889A0>,0.011049059228251279
163,2022-08-26 00:00:00+00:00,22496986586951.1,59.06333918310919,191.8225769600584,4057.66,5544325198.994273,0.3079060875895096,<scipy.interpolate.interpolate.interp1d object at 0x000001ED309321D0>,<scipy.interpolate.interpolate.interp1d object at 0x000001ED30988A40>,0.010945332652027906
164,2022-08-29 00:00:00+00:00,22342744855592.09,59.12549287495944,191.86131052197916,4030.61,5543266368.016774,0.3081678776930181,<scipy.interpolate.interpolate.interp1d object at 0x000001ED30932270>,<scipy.interpolate.interpolate.interp1d object at 0x000001ED30988AE0>,0.011394179952016525
165,2022-08-30 00:00:00+00:00,22120890529721.09,59.15740060361413,191.5594373835499,3986.16,5549423638.218509,0.30882007909203774,<scipy.interpolate.interpolate.interp1d object at 0x000001ED30932310>,<scipy.interpolate.interpolate.interp1d object at 0x000001ED30988B80>,0.011216127082503968
166,2022-08-31 00:00:00+00:00,21931252981230.75,59.59663238922236,191.70356271646983,3955.0,5545196708.27579,0.3108791070167327,<scipy.interpolate.interpolate.interp1d object at 0x000001ED309323B0>,<scipy.interpolate.interpolate.interp1d object at 0x000001ED30988C20>,0.011238662751347883
167,2022-09-01 00:00:00+00:00,22023530013214.07,59.954992351627034,191.84976342984206,3966.85,5551893823.364653,0.31251011875004003,<scipy.interpolate.interpolate.interp1d object at 0x000001ED30932450>,<scipy.interpolate.interpolate.interp1d object at 0x000001ED30988CC0>,0.01191244577757189
168,2022-09-02 00:00:00+00:00,21794969305505.14,59.48141551158811,191.78027269611115,3924.26,5553905527.540259,0.3101539833861872,<scipy.interpolate.interpolate.interp1d object at 0x000001ED309324F0>,<scipy.interpolate.interpolate.interp1d object at 0x000001ED30988D60>,0.011157954889806643
169,2022-09-06 00:00:00+00:00,21683357013072.7,59.674878053540226,191.9780467098205,3908.19,5548183945.272031,0.3108421982422827,<scipy.interpolate.interpolate.interp1d object at 0x000001ED30932630>,<scipy.interpolate.interpolate.interp1d object at 0x000001ED30988EA0>,0.0120860197168835
170,2022-09-07 00:00:00+00:00,22101245097726.27,59.475677925256164,191.80444405567104,3979.87,5553258045.545776,0.3100849837868898,<scipy.interpolate.interpolate.interp1d object at 0x000001ED309326D0>,<scipy.interpolate.interpolate.interp1d object at 0x000001ED30988F40>,0.011930543948845296
171,2022-09-08 00:00:00+00:00,22209203055539.09,59.88881770006635,192.13390234575917,4006.18,5543735692.240261,0.3117035409622399,<scipy.interpolate.interpolate.interp1d object at 0x000001ED30932770>,<scipy.interpolate.interpolate.interp1d object at 0x000001ED3098C040>,0.012079130695552331
172,2022-09-09 00:00:00+00:00,22555889933465.26,59.7811674318593,192.06983643083564,4067.36,5545584834.74914,0.3112470367172229,<scipy.interpolate.interpolate.interp1d object at 0x000001ED30932810>,<scipy.interpolate.interpolate.interp1d object at 0x000001ED3098C0E0>,0.012803239396731891
173,2022-09-12 00:00:00+00:00,22825322764065.27,59.61332115420645,191.8115416770895,4110.41,5553052557.789921,0.31079110585829167,<scipy.interpolate.interpolate.interp1d object at 0x000001ED309328B0>,<scipy.interpolate.interpolate.interp1d object at 0x000001ED3098C180>,0.013164114054071474
174,2022-09-13 00:00:00+00:00,21793849845163.3,59.788686655324234,192.20393705815835,3932.69,5541715681.928476,0.311069000825061,<scipy.interpolate.interpolate.interp1d object at 0x000001ED30932950>,<scipy.interpolate.interpolate.interp1d object at 0x000001ED3098C220>,0.013325516834947315
175,2022-09-14 00:00:00+00:00,21894030316414.23,59.91934684497313,191.97248483959243,3946.01,5548397068.536123,0.31212466148490126,<scipy.interpolate.interpolate.interp1d object at 0x000001ED309329F0>,<scipy.interpolate.interpolate.interp1d object at 0x000001ED3098C2C0>,0.013496944653779153
176,2022-09-15 00:00:00+00:00,21609224433237.58,60.139728611971584,192.27776485959396,3901.35,5538909462.939131,0.3127752637227041,<scipy.interpolate.interpolate.interp1d object at 0x000001ED30932A90>,<scipy.interpolate.interpolate.interp1d object at 0x000001ED3098C360>,0.013741390214094151
177,2022-09-16 00:00:00+00:00,21419571267855.96,60.12093341119765,192.5870395316421,3873.33,5530014552.815268,0.3121753860353607,<scipy.interpolate.interpolate.interp1d object at 0x000001ED30932B30>,<scipy.interpolate.interpolate.interp1d object at 0x000001ED3098C400>,0.01331574273265601
178,2022-09-19 00:00:00+00:00,21621968181159.09,60.104746775364845,192.22460315448902,3899.89,5544250781.729507,0.31267978078258407,<scipy.interpolate.interpolate.interp1d object at 0x000001ED30932BD0>,<scipy.interpolate.interpolate.interp1d object at 0x000001ED3098C4A0>,0.013974252838051315
179,2022-09-20 00:00:00+00:00,21361828003647.79,60.13529668773689,192.37231289940675,3855.93,5539993724.8984785,0.31259850121562033,<scipy.interpolate.interpolate.interp1d object at 0x000001ED30932C70>,<scipy.interpolate.interpolate.interp1d object at 0x000001ED3098C540>,0.014275933976067634
180,2022-09-21 00:00:00+00:00,20985798105038.48,60.20684450760007,192.48088657962327,3789.93,5537252166.93672,0.31279388607083536,<scipy.interpolate.interpolate.interp1d object at 0x000001ED30932D10>,<scipy.interpolate.interpolate.interp1d object at 0x000001ED3098C5E0>,0.01388838787088642
181,2022-09-22 00:00:00+00:00,20817140809732.44,60.285304166031025,192.4490373512623,3757.99,5539434860.053497,0.31325334226534446,<scipy.interpolate.interpolate.interp1d object at 0x000001ED30932DB0>,<scipy.interpolate.interpolate.interp1d object at 0x000001ED3098C680>,0.015095873438318641
182,2022-09-23 00:00:00+00:00,20456699966728.082,60.265406611689684,192.46509656353183,3693.23,5538972651.778546,0.31312382186552123,<scipy.interpolate.interpolate.interp1d object at 0x000001ED30932E50>,<scipy.interpolate.interpolate.interp1d object at 0x000001ED3098C720>,0.015203109945124638
183,2022-09-26 00:00:00+00:00,20259290451490.58,60.18268437017401,192.33091870449599,3655.04,5542836864.02627,0.3129121660498113,<scipy.interpolate.interpolate.interp1d object at 0x000001ED30932EF0>,<scipy.interpolate.interpolate.interp1d object at 0x000001ED3098C7C0>,0.016581672501997824
184,2022-09-27 00:00:00+00:00,20189787995922.65,60.509967882929836,192.58379479259074,3647.29,5535558728.788402,0.3142007246668806,<scipy.interpolate.interpolate.interp1d object at 0x000001ED30932F90>,<scipy.interpolate.interpolate.interp1d object at 0x000001ED3098C860>,0.016947631632244997
185,2022-09-28 00:00:00+00:00,20569849156837.91,60.2082062370798,192.74816427351053,3719.04,5530956686.897132,0.3123672096386043,<scipy.interpolate.interpolate.interp1d object at 0x000001ED30936090>,<scipy.interpolate.interpolate.interp1d object at 0x000001ED3098C900>,0.01503432554010109
186,2022-09-29 00:00:00+00:00,20100130631515.73,60.69785326522722,193.08524370145108,3640.47,5521300994.518765,0.31435780436478306,<scipy.interpolate.interpolate.interp1d object at 0x000001ED30936130>,<scipy.interpolate.interpolate.interp1d object at 0x000001ED3098C9A0>,0.015021954767967749
187,2022-09-30 00:00:00+00:00,19760680858705.57,60.60557051688193,193.80258142808248,3585.62,5511091766.195406,0.3127180766648964,<scipy.interpolate.interpolate.interp1d object at 0x000001ED309361D0>,<scipy.interpolate.interpolate.interp1d object at 0x000001ED3098CA40>,0.015435177821089274
188,2022-10-03 00:00:00+00:00,20355309124780.05,60.36275903652175,193.01097022834745,3678.43,5533694843.93615,0.312742633048825,<scipy.interpolate.interpolate.interp1d object at 0x000001ED30936270>,<scipy.interpolate.interpolate.interp1d object at 0x000001ED3098CAE0>,0.014644248752591515
189,2022-10-04 00:00:00+00:00,21015107076458.77,60.46007758076833,192.81450406421973,3790.93,5543522849.659258,0.3135660248911109,<scipy.interpolate.interpolate.interp1d object at 0x000001ED30936310>,<scipy.interpolate.interpolate.interp1d object at 0x000001ED3098CB80>,0.01462100739656691
190,2022-10-05 00:00:00+00:00,20970679147384.26,60.27943817266038,192.83307672461464,3783.28,5542988926.905823,0.3125990581934529,<scipy.interpolate.interpolate.interp1d object at 0x000001ED309363B0>,<scipy.interpolate.interpolate.interp1d object at 0x000001ED3098CC20>,0.015602682362498399
191,2022-10-06 00:00:00+00:00,20773122082803.72,61.01518212452475,192.70258902008692,3744.52,5547606123.829948,0.3166287616310368,<scipy.interpolate.interpolate.interp1d object at 0x000001ED30936450>,<scipy.interpolate.interpolate.interp1d object at 0x000001ED3098CCC0>,0.015962472972789632
192,2022-10-07 00:00:00+00:00,20216750729768.9,60.15316236361267,192.4609512239212,3639.66,5554571231.864762,0.3125473608078903,<scipy.interpolate.interpolate.interp1d object at 0x000001ED309364F0>,<scipy.interpolate.interpolate.interp1d object at 0x000001ED3098CD60>,0.01644636720909909
193,2022-10-10 00:00:00+00:00,20072904081429.75,60.13030774120551,192.38782751445177,3612.39,5556682440.553138,0.31254736080789025,<scipy.interpolate.interpolate.interp1d object at 0x000001ED30936590>,<scipy.interpolate.interpolate.interp1d object at 0x000001ED3098CE00>,#N/A
194,2022-10-11 00:00:00+00:00,19954672967444.1,60.092252941937986,192.26607060961288,3588.84,5560201337.324623,0.31254736080789025,<scipy.interpolate.interpolate.interp1d object at 0x000001ED30936630>,<scipy.interpolate.interpolate.interp1d object at 0x000001ED3098CEA0>,0.01623504756964267
195,2022-10-12 00:00:00+00:00,19887742355297.8,60.223406186113735,192.32506761077826,3577.03,5559847794.202956,0.3131334200697751,<scipy.interpolate.interpolate.interp1d object at 0x000001ED309366D0>,<scipy.interpolate.interpolate.interp1d object at 0x000001ED3098CF40>,0.015984203482533266
196,2022-10-13 00:00:00+00:00,20366836945898.59,60.90288562974311,192.81160802157123,3669.91,5549682947.510591,0.31586731864675627,<scipy.interpolate.interpolate.interp1d object at 0x000001ED30936770>,<scipy.interpolate.interpolate.interp1d object at 0x000001ED30990040>,0.016915014052713007
197,2022-10-14 00:00:00+00:00,19871434850792.02,60.45562362463326,192.88451844872176,3583.07,5545924263.492485,0.31342911349676494,<scipy.interpolate.interpolate.interp1d object at 0x000001ED30936810>,<scipy.interpolate.interpolate.interp1d object at 0x000001ED309900E0>,0.016960458667871103
198,2022-10-17 00:00:00+00:00,20411397516548.68,60.41485257375179,192.65048284397494,3677.95,5549666938.525179,0.31359824113537765,<scipy.interpolate.interpolate.interp1d object at 0x000001ED309368B0>,<scipy.interpolate.interpolate.interp1d object at 0x000001ED30990180>,0.01733261807013342
199,2022-10-18 00:00:00+00:00,20658683347814.332,60.37381309707778,192.07514070146573,3719.98,5553439359.301483,0.3143239300858524,<scipy.interpolate.interpolate.interp1d object at 0x000001ED30936950>,<scipy.interpolate.interpolate.interp1d object at 0x000001ED30990220>,0.017287480042611936
200,2022-10-19 00:00:00+00:00,20500354716472.23,60.434163090107205,192.22154730084097,3695.16,5547893654.529772,0.3143984841383222,<scipy.interpolate.interpolate.interp1d object at 0x000001ED309369F0>,<scipy.interpolate.interpolate.interp1d object at 0x000001ED309902C0>,0.01827927127975415
201,2022-10-20 00:00:00+00:00,20367229722530.918,60.89303712731367,191.481193649714,3665.78,5556042567.347445,0.3180105365266748,<scipy.interpolate.interpolate.interp1d object at 0x000001ED30936A90>,<scipy.interpolate.interpolate.interp1d object at 0x000001ED30990360>,0.018819821673844217
202,2022-10-21 00:00:00+00:00,20816541170351.93,60.595186507319674,191.8246647240251,3752.75,5547009838.212492,0.31588840045411753,<scipy.interpolate.interpolate.interp1d object at 0x000001ED30936B30>,<scipy.interpolate.interpolate.interp1d object at 0x000001ED30990400>,0.018421804012734855
203,2022-10-24 00:00:00+00:00,21071604035223.74,60.46346250247418,191.79166466425514,3797.34,5549043286.938683,0.31525594508144944,<scipy.interpolate.interpolate.interp1d object at 0x000001ED30936BD0>,<scipy.interpolate.interpolate.interp1d object at 0x000001ED309904A0>,0.018813034073100976
204,2022-10-25 00:00:00+00:00,21376758536829.96,60.56700185591146,197.0182287568054,3859.11,5539297541.876225,0.3074182639753295,<scipy.interpolate.interpolate.interp1d object at 0x000001ED30936C70>,<scipy.interpolate.interpolate.interp1d object at 0x000001ED30990540>,0.01815216958353516
205,2022-10-26 00:00:00+00:00,21078808274746.69,61.03876420691649,197.72237716394642,3830.6,5502743245.117394,0.30870943937875417,<scipy.interpolate.interpolate.interp1d object at 0x000001ED30936D10>,<scipy.interpolate.interpolate.interp1d object at 0x000001ED309905E0>,0.017509232155840992
206,2022-10-27 00:00:00+00:00,20897554416178.01,61.10309495594463,198.6562964677521,3807.3,5488812128.326638,0.30758196967526524,<scipy.interpolate.interpolate.interp1d object at 0x000001ED30936DB0>,<scipy.interpolate.interpolate.interp1d object at 0x000001ED30990680>,0.016521641459463998
207,2022-10-28 00:00:00+00:00,21392458978449.39,61.12850222727392,199.81817481943995,3901.06,5483755435.304607,0.3059206315066733,<scipy.interpolate.interpolate.interp1d object at 0x000001ED30936E50>,<scipy.interpolate.interpolate.interp1d object at 0x000001ED30990720>,0.017698695347795113
208,2022-10-31 00:00:00+00:00,21221638162554.82,60.916144799198726,199.91835650489463,3871.98,5480823290.036318,0.3047051099467562,<scipy.interpolate.interpolate.interp1d object at 0x000001ED30936EF0>,<scipy.interpolate.interpolate.interp1d object at 0x000001ED309907C0>,0.018273426092482836
209,2022-11-01 00:00:00+00:00,21032201012926.89,61.204246907835504,202.05055828760342,3856.1,5454267527.534787,0.30291550504263376,<scipy.interpolate.interpolate.interp1d object at 0x000001ED30936F90>,<scipy.interpolate.interpolate.interp1d object at 0x000001ED30990860>,0.018122198019817404
210,2022-11-02 00:00:00+00:00,20481558572543.824,61.30245321125706,202.89735848291517,3759.69,5447672167.796766,0.3021352947599808,<scipy.interpolate.interpolate.interp1d object at 0x000001ED30938090>,<scipy.interpolate.interpolate.interp1d object at 0x000001ED30990900>,0.017913960314267507
211,2022-11-03 00:00:00+00:00,20167848521582.64,62.0656199275233,204.78706808430846,3719.89,5421624973.206907,0.3030739221383433,<scipy.interpolate.interpolate.interp1d object at 0x000001ED30938130>,<scipy.interpolate.interpolate.interp1d object at 0x000001ED309909A0>,0.017997534454792685
212,2022-11-04 00:00:00+00:00,20469881394181.258,62.51355363471819,204.52374198503117,3770.55,5428884750.018235,0.30565426306004845,<scipy.interpolate.interpolate.interp1d object at 0x000001ED309381D0>,<scipy.interpolate.interpolate.interp1d object at 0x000001ED30990A40>,0.017872666010562366
213,2022-11-07 00:00:00+00:00,20664810649258.57,61.830724042339476,204.63902116470828,3806.8,5428394097.20988,0.3021453273692784,<scipy.interpolate.interpolate.interp1d object at 0x000001ED30938270>,<scipy.interpolate.interpolate.interp1d object at 0x000001ED30990AE0>,0.01869052822807782
214,2022-11-08 00:00:00+00:00,20788916086935.01,61.79725912307842,204.48204956933128,3828.11,5430595277.286967,0.3022136136312814,<scipy.interpolate.interpolate.interp1d object at 0x000001ED30938310>,<scipy.interpolate.interpolate.interp1d object at 0x000001ED30990B80>,0.018151830310762618
215,2022-11-09 00:00:00+00:00,20345828714040.09,62.37728919553878,204.6514311332918,3748.57,5427624057.718034,0.30479771800330946,<scipy.interpolate.interpolate.interp1d object at 0x000001ED309383B0>,<scipy.interpolate.interpolate.interp1d object at 0x000001ED30990C20>,0.017343447734326833
216,2022-11-10 00:00:00+00:00,21572511108479.77,61.55799176628632,203.93089281261868,3956.37,5452602033.803656,0.3018571189351321,<scipy.interpolate.interpolate.interp1d object at 0x000001ED30938450>,<scipy.interpolate.interpolate.interp1d object at 0x000001ED30990CC0>,0.015880424642734203
217,2022-11-11 00:00:00+00:00,21828108633926.61,61.39935862880601,203.40536888911498,3992.93,5466689532.229869,0.3018571189351322,<scipy.interpolate.interpolate.interp1d object at 0x000001ED309384F0>,<scipy.interpolate.interpolate.interp1d object at 0x000001ED30990D60>,#N/A
218,2022-11-14 00:00:00+00:00,21628931649732.54,61.36920339045913,203.4441664222294,3957.25,5465647014.904931,0.301651330041546,<scipy.interpolate.interpolate.interp1d object at 0x000001ED30938590>,<scipy.interpolate.interpolate.interp1d object at 0x000001ED30990E00>,0.016322470599615002
219,2022-11-15 00:00:00+00:00,21865721241698.84,61.41425967403912,203.031791658078,3991.73,5477755570.065821,0.30248592682206993,<scipy.interpolate.interpolate.interp1d object at 0x000001ED30938630>,<scipy.interpolate.interpolate.interp1d object at 0x000001ED30990EA0>,0.015886333267572272
220,2022-11-16 00:00:00+00:00,21674760813276.6,61.49584855805666,203.00361059428909,3958.79,5475097394.223134,0.3029298266076587,<scipy.interpolate.interpolate.interp1d object at 0x000001ED309386D0>,<scipy.interpolate.interpolate.interp1d object at 0x000001ED30990F40>,0.014921997268009246
221,2022-11-17 00:00:00+00:00,21612062667837.082,61.98470456263098,202.96102828498962,3946.56,5476177396.982963,0.3054020029677549,<scipy.interpolate.interpolate.interp1d object at 0x000001ED30938770>,<scipy.interpolate.interpolate.interp1d object at 0x000001ED30993040>,0.015547409189441641
222,2022-11-18 00:00:00+00:00,21697877853398.5,61.813512838667066,203.12030210448498,3965.34,5471883332.425088,0.3043197169275094,<scipy.interpolate.interpolate.interp1d object at 0x000001ED30938810>,<scipy.interpolate.interpolate.interp1d object at 0x000001ED309930E0>,0.01613963022273679
223,2022-11-21 00:00:00+00:00,21590890267337.19,61.97345622726965,203.34838538257503,3949.94,5466131198.787119,0.3047649289699262,<scipy.interpolate.interpolate.interp1d object at 0x000001ED309388B0>,<scipy.interpolate.interpolate.interp1d object at 0x000001ED30993180>,0.015863803707631963
224,2022-11-22 00:00:00+00:00,21880405426731.94,61.971192184485794,203.47660830658668,4003.58,5465209993.738589,0.30456175134937974,<scipy.interpolate.interpolate.interp1d object at 0x000001ED30938950>,<scipy.interpolate.interpolate.interp1d object at 0x000001ED30993220>,0.01575811723569953
225,2022-11-23 00:00:00+00:00,21998312650897.73,61.98414929396726,203.76404630873893,4027.26,5462352232.26157,0.3041957127218126,<scipy.interpolate.interpolate.interp1d object at 0x000001ED309389F0>,<scipy.interpolate.interpolate.interp1d object at 0x000001ED309932C0>,0.015443727871495838
226,2022-11-25 00:00:00+00:00,21952784134072.24,62.08838399060559,204.12883919467222,4026.12,5452590616.790419,0.3041627250493183,<scipy.interpolate.interpolate.interp1d object at 0x000001ED30938B30>,<scipy.interpolate.interpolate.interp1d object at 0x000001ED30993400>,0.01517643095737986
227,2022-11-28 00:00:00+00:00,21611288927401.14,62.0717371185469,204.1520100926344,3963.94,5451971757.24182,0.3040466615556796,<scipy.interpolate.interpolate.interp1d object at 0x000001ED30938BD0>,<scipy.interpolate.interpolate.interp1d object at 0x000001ED309934A0>,0.015178464107279188
228,2022-11-29 00:00:00+00:00,21545347615805.82,62.293508003450256,204.4702464996604,3957.63,5444002500.437338,0.30465805695379605,<scipy.interpolate.interpolate.interp1d object at 0x000001ED30938C70>,<scipy.interpolate.interpolate.interp1d object at 0x000001ED30993540>,0.01542151090337418
229,2022-11-30 00:00:00+00:00,22248806778781.05,62.79325513207599,204.1635104914932,4080.11,5452991899.42944,0.3075635552156729,<scipy.interpolate.interpolate.interp1d object at 0x000001ED30938D10>,<scipy.interpolate.interpolate.interp1d object at 0x000001ED309935E0>,0.014981259925225476
230,2022-12-01 00:00:00+00:00,22231256570618.33,63.068927329643294,204.15834378146116,4076.57,5453422011.793818,0.30892162505567083,<scipy.interpolate.interpolate.interp1d object at 0x000001ED30938DB0>,<scipy.interpolate.interpolate.interp1d object at 0x000001ED30993680>,0.013792152911586308
231,2022-12-02 00:00:00+00:00,22188205483930.59,62.33747969515423,204.31009861977,4071.7,5449371388.837731,0.30511208264436795,<scipy.interpolate.interpolate.interp1d object at 0x000001ED30938E50>,<scipy.interpolate.interpolate.interp1d object at 0x000001ED30993720>,0.013865978088903885
232,2022-12-05 00:00:00+00:00,21820637789188.56,62.32086814216686,204.03413351280935,3998.84,5456741902.44885,0.30544334454829997,<scipy.interpolate.interpolate.interp1d object at 0x000001ED30938EF0>,<scipy.interpolate.interpolate.interp1d object at 0x000001ED309937C0>,0.014619251890942708
233,2022-12-06 00:00:00+00:00,21485864929681.26,62.41392796863992,204.23732901145166,3941.26,5451521830.501225,0.30559510482601515,<scipy.interpolate.interpolate.interp1d object at 0x000001ED30938F90>,<scipy.interpolate.interpolate.interp1d object at 0x000001ED30993860>,0.013810974530112263
234,2022-12-07 00:00:00+00:00,21405521432033.52,62.49229460284549,204.62859018411777,3933.92,5441270140.733294,0.30539376021022807,<scipy.interpolate.interpolate.interp1d object at 0x000001ED3093B090>,<scipy.interpolate.interpolate.interp1d object at 0x000001ED30993900>,0.012885822236076816
235,2022-12-08 00:00:00+00:00,21520343712447.26,63.139240771602495,205.24834486887778,3963.51,5429617614.802855,0.30762362937415544,<scipy.interpolate.interpolate.interp1d object at 0x000001ED3093B130>,<scipy.interpolate.interpolate.interp1d object at 0x000001ED309939A0>,0.013561890932532794
236,2022-12-09 00:00:00+00:00,21342641517301.9,62.93658243650344,205.43623285798182,3934.38,5424651791.972788,0.3063558047231694,<scipy.interpolate.interpolate.interp1d object at 0x000001ED3093B1D0>,<scipy.interpolate.interpolate.interp1d object at 0x000001ED30993A40>,0.01381645120395536
237,2022-12-12 00:00:00+00:00,21638657863852.51,62.904350259498905,205.51921555147598,3990.56,5422461475.044232,0.30607527423022585,<scipy.interpolate.interpolate.interp1d object at 0x000001ED3093B270>,<scipy.interpolate.interpolate.interp1d object at 0x000001ED30993AE0>,0.014450171907474108
238,2022-12-13 00:00:00+00:00,21837227680995.8,62.82776956664978,205.13494358532154,4019.65,5432619178.5344,0.30627531549990605,<scipy.interpolate.interpolate.interp1d object at 0x000001ED3093B310>,<scipy.interpolate.interpolate.interp1d object at 0x000001ED30993B80>,0.013475478090189119
239,2022-12-14 00:00:00+00:00,21668639597025.67,62.88520783598498,205.47965686381,3995.32,5423505400.57509,0.30604103975930186,<scipy.interpolate.interpolate.interp1d object at 0x000001ED3093B3B0>,<scipy.interpolate.interpolate.interp1d object at 0x000001ED30993C20>,0.013205573348386901
240,2022-12-15 00:00:00+00:00,21082109042143.14,63.1156767934482,205.96893685444607,3895.75,5411566204.747004,0.30643298818428494,<scipy.interpolate.interpolate.interp1d object at 0x000001ED3093B450>,<scipy.interpolate.interpolate.interp1d object at 0x000001ED30993CC0>,0.0125756524478422
241,2022-12-16 00:00:00+00:00,20857068119445.23,63.114005535794035,205.90726572378236,3852.36,5414101516.848173,0.30651665114362375,<scipy.interpolate.interpolate.interp1d object at 0x000001ED3093B4F0>,<scipy.interpolate.interpolate.interp1d object at 0x000001ED30993D60>,0.012328410143078505
242,2022-12-19 00:00:00+00:00,20654675106122.55,63.3365395862436,206.06933110831474,3817.66,5410297173.169573,0.3073554868431755,<scipy.interpolate.interpolate.interp1d object at 0x000001ED3093B590>,<scipy.interpolate.interpolate.interp1d object at 0x000001ED30993E00>,0.012837822312965708
243,2022-12-20 00:00:00+00:00,20706994658167.66,63.20376620797068,205.69327916904385,3821.62,5418381382.284911,0.30727190729468734,<scipy.interpolate.interpolate.interp1d object at 0x000001ED3093B630>,<scipy.interpolate.interpolate.interp1d object at 0x000001ED30993EA0>,0.01362200569587002
244,2022-12-21 00:00:00+00:00,21016271027711.06,63.34534463218231,206.04432785481703,3878.44,5418743367.877563,0.3074355178406887,<scipy.interpolate.interpolate.interp1d object at 0x000001ED3093B6D0>,<scipy.interpolate.interpolate.interp1d object at 0x000001ED30993F40>,0.013755380154011565
245,2022-12-22 00:00:00+00:00,20724760121418.85,62.850732577363445,205.9229401492125,3822.39,5421937615.318911,0.30521481740607226,<scipy.interpolate.interpolate.interp1d object at 0x000001ED3093B770>,<scipy.interpolate.interpolate.interp1d object at 0x000001ED30996040>,0.013720829537385182
246,2022-12-23 00:00:00+00:00,20855800056160.7,63.358954240764795,205.78932442921825,3844.82,5424389192.773835,0.3078826096373005,<scipy.interpolate.interpolate.interp1d object at 0x000001ED3093B810>,<scipy.interpolate.interpolate.interp1d object at 0x000001ED309960E0>,0.014239702001532129
247,2022-12-27 00:00:00+00:00,20787744359943.17,63.947345212463794,206.44839792299467,3829.25,5428672549.440014,0.30974977697001155,<scipy.interpolate.interpolate.interp1d object at 0x000001ED3093B950>,<scipy.interpolate.interpolate.interp1d object at 0x000001ED30996220>,0.014659268204729292
248,2022-12-28 00:00:00+00:00,20499749041240.13,64.06623732650291,206.83223069021128,3783.22,5418598189.172221,0.30974977697001155,<scipy.interpolate.interpolate.interp1d object at 0x000001ED3093B9F0>,<scipy.interpolate.interpolate.interp1d object at 0x000001ED309962C0>,0.014671376582468199
249,2022-12-29 00:00:00+00:00,20870168885113.24,64.43262429391773,206.70867497657812,3849.28,5421837040.982531,0.3117074031905942,<scipy.interpolate.interpolate.interp1d object at 0x000001ED3093BA90>,<scipy.interpolate.interpolate.interp1d object at 0x000001ED30996360>,0.014621268340231364
250,2022-12-30 00:00:00+00:00,20813535169414.97,64.35744744413569,206.74450914810464,3839.5,5420897296.370613,0.3112897542446084,<scipy.interpolate.interpolate.interp1d object at 0x000001ED3093BB30>,<scipy.interpolate.interpolate.interp1d object at 0x000001ED30996400>,0.014990549536874731
251,2023-01-03 00:00:00+00:00,20756368052643.05,64.16589495508487,206.48456047016907,3824.14,5427721802.194232,0.3107539605333104,<scipy.interpolate.interpolate.interp1d object at 0x000001ED3093BC70>,<scipy.interpolate.interpolate.interp1d object at 0x000001ED30996540>,0.014571055314018588
252,2023-01-04 00:00:00+00:00,20916881486008.18,63.96556204560525,206.44475578435123,3852.97,5428768323.139858,0.30984348235235687,<scipy.interpolate.interpolate.interp1d object at 0x000001ED3093BD10>,<scipy.interpolate.interpolate.interp1d object at 0x000001ED309965E0>,0.01402575509130255
253,2023-01-05 00:00:00+00:00,20668069889707.508,64.31749213352704,206.50294662364058,3808.1,5427396835.615532,0.31146040860495855,<scipy.interpolate.interpolate.interp1d object at 0x000001ED3093BDB0>,<scipy.interpolate.interpolate.interp1d object at 0x000001ED30996680>,0.014126347608088619
254,2023-01-06 00:00:00+00:00,21152285196120.93,63.95240046734217,206.38442449599384,3895.08,5430513672.664215,0.30987028514152026,<scipy.interpolate.interpolate.interp1d object at 0x000001ED3093BE50>,<scipy.interpolate.interpolate.interp1d object at 0x000001ED30996720>,0.0129349976385571
